explanatory_mae,explanatory_r2,predictive_mae,predictive_r2
456.4538139320165,0.23696063453674043,455.239221207672,0.18949594526578817
