feature,rf_importance_agg,perm_importance_mean
note_progress_tag,0.7322630195803626,0.33878504672897203
progress_percent,0.11274940295010828,0.0
attendance_rate,0.04628223216041172,0.0
school_name,0.032483700215802734,0.0
record_date,0.023652049375524578,0.0
resident_id,0.015307728345128556,0.0
record_year,0.013064799248999752,0.0
record_month,0.00990062295134985,0.0
education_level,0.009391237692396786,0.0
record_quarter,0.004905207479915005,0.0
enrollment_status,0.0,0.0
