received_condition,records,mean_actual,mean_prediction,mean_abs_error
New,20,9604.142,9065.882183116748,1358.6852152782735
Fair,1,4756.2,5586.2121899900785,830.0121899900787
Good,5,13763.436000000002,13404.923817500177,734.2879976783961
