group_column,group_value,n,f1_macro,balanced_accuracy
sex,F,15,0.2740740740740741,0.2833333333333333
family_indigenous,0,15,0.2740740740740741,0.2833333333333333
